BEGIN TRANSACTION;
CREATE TABLE "Account" (
	sf_id VARCHAR(255) NOT NULL, 
	"Name" VARCHAR(255), 
	"RecordTypeId" VARCHAR(255), 
	"npe01__SYSTEMIsIndividual__c" VARCHAR(255), 
	"npe01__SYSTEM_AccountType__c" VARCHAR(255), 
	"npo02__Formal_Greeting__c" VARCHAR(255), 
	"npo02__HouseholdPhone__c" VARCHAR(255), 
	"npo02__Informal_Greeting__c" VARCHAR(255), 
	"npo02__SYSTEM_CUSTOM_NAMING__c" VARCHAR(255), 
	parent_id VARCHAR(255), 
	PRIMARY KEY (sf_id)
);
INSERT INTO "Account" VALUES('001P000001ehrizIAA','Anonymous Household','012P00000016AcBIAU','true','Household Account','Sir or Madam','','Sir or Madam','','');
INSERT INTO "Account" VALUES('001P000001ehrj0IAA','Anonymous Household','012P00000016AcBIAU','true','Household Account','Sir or Madam','','Sir or Madam','','');
INSERT INTO "Account" VALUES('001P000001ehrj1IAA','Anonymous Household','012P00000016AcBIAU','true','Household Account','Sir or Madam','','Sir or Madam','','');
INSERT INTO "Account" VALUES('001P000001ehrj2IAA','Anonymous Household','012P00000016AcBIAU','true','Household Account','Sir or Madam','','Sir or Madam','','');
INSERT INTO "Account" VALUES('001P000001ehrj3IAA','Anonymous Household','012P00000016AcBIAU','true','Household Account','Sir or Madam','','Sir or Madam','','');
INSERT INTO "Account" VALUES('001P000001ehrj4IAA','Anonymous Household','012P00000016AcBIAU','true','Household Account','Sir or Madam','','Sir or Madam','','');
INSERT INTO "Account" VALUES('001P000001ehrj5IAA','Anonymous Household','012P00000016AcBIAU','true','Household Account','Sir or Madam','','Sir or Madam','','');
INSERT INTO "Account" VALUES('001P000001ehrj6IAA','Anonymous Household','012P00000016AcBIAU','true','Household Account','Sir or Madam','','Sir or Madam','','');
INSERT INTO "Account" VALUES('001P000001ehrj7IAA','Anonymous Household','012P00000016AcBIAU','true','Household Account','Sir or Madam','','Sir or Madam','','');
INSERT INTO "Account" VALUES('001P000001ehrj8IAA','Anonymous Household','012P00000016AcBIAU','true','Household Account','Sir or Madam','','Sir or Madam','','');
INSERT INTO "Account" VALUES('001P000001ehrj9IAA','Anonymous Household','012P00000016AcBIAU','true','Household Account','Sir or Madam','','Sir or Madam','','');
INSERT INTO "Account" VALUES('001P000001ehrjAIAQ','Anonymous Household','012P00000016AcBIAU','true','Household Account','Sir or Madam','','Sir or Madam','','');
INSERT INTO "Account" VALUES('001P000001ehrjBIAQ','Anonymous Household','012P00000016AcBIAU','true','Household Account','Sir or Madam','','Sir or Madam','','');
INSERT INTO "Account" VALUES('001P000001ehrjCIAQ','Anonymous Household','012P00000016AcBIAU','true','Household Account','Sir or Madam','','Sir or Madam','','');
INSERT INTO "Account" VALUES('001P000001ehrlJIAQ','Anonymous Household','012P00000016AcBIAU','true','Household Account','Sir or Madam','','Sir or Madam','','');
INSERT INTO "Account" VALUES('001P000001ehrlKIAQ','Anonymous Household','012P00000016AcBIAU','true','Household Account','Sir or Madam','','Sir or Madam','','');
INSERT INTO "Account" VALUES('001P000001ehrlLIAQ','Anonymous Household','012P00000016AcBIAU','true','Household Account','Sir or Madam','','Sir or Madam','','');
INSERT INTO "Account" VALUES('001P000001ehrlMIAQ','Anonymous Household','012P00000016AcBIAU','true','Household Account','Sir or Madam','','Sir or Madam','','');
INSERT INTO "Account" VALUES('001P000001ehrlNIAQ','Anonymous Household','012P00000016AcBIAU','true','Household Account','Sir or Madam','','Sir or Madam','','');
INSERT INTO "Account" VALUES('001P000001ehrlOIAQ','Anonymous Household','012P00000016AcBIAU','true','Household Account','Sir or Madam','','Sir or Madam','','');
INSERT INTO "Account" VALUES('001P000001ehrlPIAQ','Anonymous Household','012P00000016AcBIAU','true','Household Account','Sir or Madam','','Sir or Madam','','');
INSERT INTO "Account" VALUES('001P000001ehrlQIAQ','Anonymous Household','012P00000016AcBIAU','true','Household Account','Sir or Madam','','Sir or Madam','','');
INSERT INTO "Account" VALUES('001P000001ehrlRIAQ','Anonymous Household','012P00000016AcBIAU','true','Household Account','Sir or Madam','','Sir or Madam','','');
INSERT INTO "Account" VALUES('001P000001ehrlSIAQ','Anonymous Household','012P00000016AcBIAU','true','Household Account','Sir or Madam','','Sir or Madam','','');
INSERT INTO "Account" VALUES('001P000001ehrlTIAQ','Anonymous Household','012P00000016AcBIAU','true','Household Account','Sir or Madam','','Sir or Madam','','');
INSERT INTO "Account" VALUES('001P000001ehrlUIAQ','Anonymous Household','012P00000016AcBIAU','true','Household Account','Sir or Madam','','Sir or Madam','','');
INSERT INTO "Account" VALUES('001P000001ehrlVIAQ','Anonymous Household','012P00000016AcBIAU','true','Household Account','Sir or Madam','','Sir or Madam','','');
INSERT INTO "Account" VALUES('001P000001ehrlWIAQ','Anonymous Household','012P00000016AcBIAU','true','Household Account','Sir or Madam','','Sir or Madam','','');
INSERT INTO "Account" VALUES('001P000001ehrlXIAQ','Marcus Household','012P00000016AcBIAU','true','Household Account','Octavia Marcus','','Octavia','','');
INSERT INTO "Account" VALUES('001P000001ehrlYIAQ','Dick Household','012P00000016AcBIAU','true','Household Account','Moby Dick','','Moby','','');
INSERT INTO "Account" VALUES('001P000001ehrlZIAQ','the First Mate Household','012P00000016AcBIAU','true','Household Account','Peleg the First Mate','','Peleg','','');
INSERT INTO "Account" VALUES('001P000001ehrlaIAA','Bully Household','012P00000016AcBIAU','true','Household Account','Bluto Bully','','Bluto','','');
INSERT INTO "Account" VALUES('001P000001ehrlbIAA','Oil Household','012P00000016AcBIAU','true','Household Account','Olive Oil','','Olive','','');
INSERT INTO "Account" VALUES('001P000001ehrlcIAA','Chocula Household','012P00000016AcBIAU','true','Household Account','Count Chocula','','Count','','');
INSERT INTO "Account" VALUES('001P000001ehrldIAA','LaForge Household','012P00000016AcBIAU','true','Household Account','Georgina LaForge','','Georgina','','');
INSERT INTO "Account" VALUES('001P000001ehrleIAA','Mom Household','012P00000016AcBIAU','true','Household Account','Popeye''s Mom','','Popeye''s','','');
INSERT INTO "Account" VALUES('001P000001ehrlfIAA','Odysseus Household','012P00000016AcBIAU','true','Household Account','Penelope Odysseus','','Penelope','','');
INSERT INTO "Account" VALUES('001P000001ehrlgIAA','Marcus Household','012P00000016AcBIAU','true','Household Account','David Marcus','','David','','');
INSERT INTO "Account" VALUES('001P000001ehrlhIAA','Kolodner Household','012P00000016AcBIAU','true','Household Account','Michael Kolodner','','Michael','','');
INSERT INTO "Account" VALUES('001P000001ehrliIAA','Berry Household','012P00000016AcBIAU','true','Household Account','Boo Berry','','Boo','','');
INSERT INTO "Account" VALUES('001P000001ehrljIAA','Beard Household','012P00000016AcBIAU','true','Household Account','Momma Beard','','Momma','','');
INSERT INTO "Account" VALUES('001P000001ehrlkIAA','Sisko Household','012P00000016AcBIAU','true','Household Account','Jake Sisko','','Jake','','');
INSERT INTO "Account" VALUES('001P000001ehrllIAA','Anonymous Household','012P00000016AcBIAU','true','Household Account','Sir or Madam','','Sir or Madam','','');
INSERT INTO "Account" VALUES('001P000001ehrlmIAA','Anonymous Household','012P00000016AcBIAU','true','Household Account','Sir or Madam','','Sir or Madam','','');
INSERT INTO "Account" VALUES('001P000001ehrlnIAA','Anonymous Household','012P00000016AcBIAU','true','Household Account','Sir or Madam','','Sir or Madam','','');
INSERT INTO "Account" VALUES('001P000001ehrloIAA','Anonymous Household','012P00000016AcBIAU','true','Household Account','Sir or Madam','','Sir or Madam','','');
INSERT INTO "Account" VALUES('001P000001ehrlpIAA','Anonymous Household','012P00000016AcBIAU','true','Household Account','Sir or Madam','','Sir or Madam','','');
INSERT INTO "Account" VALUES('001P000001ehrlqIAA','Anonymous Household','012P00000016AcBIAU','true','Household Account','Sir or Madam','','Sir or Madam','','');
INSERT INTO "Account" VALUES('001P000001ehrlrIAA','Anonymous Household','012P00000016AcBIAU','true','Household Account','Sir or Madam','','Sir or Madam','','');
INSERT INTO "Account" VALUES('001P000001ehrlsIAA','Anonymous Household','012P00000016AcBIAU','true','Household Account','Sir or Madam','','Sir or Madam','','');
INSERT INTO "Account" VALUES('001P000001ehrltIAA','Anonymous Household','012P00000016AcBIAU','true','Household Account','Sir or Madam','','Sir or Madam','','');
INSERT INTO "Account" VALUES('001P000001ehrluIAA','Anonymous Household','012P00000016AcBIAU','true','Household Account','Sir or Madam','','Sir or Madam','','');
INSERT INTO "Account" VALUES('001P000001ehrlvIAA','Anonymous Household','012P00000016AcBIAU','true','Household Account','Sir or Madam','','Sir or Madam','','');
INSERT INTO "Account" VALUES('001P000001ehrlwIAA','Anonymous Household','012P00000016AcBIAU','true','Household Account','Sir or Madam','','Sir or Madam','','');
INSERT INTO "Account" VALUES('001P000001ehrlxIAA','Anonymous Household','012P00000016AcBIAU','true','Household Account','Sir or Madam','','Sir or Madam','','');
INSERT INTO "Account" VALUES('001P000001ehrlyIAA','Anonymous Household','012P00000016AcBIAU','true','Household Account','Sir or Madam','','Sir or Madam','','');
CREATE TABLE "Account_rt_mapping" (
	record_type_id VARCHAR(18) NOT NULL, 
	developer_name VARCHAR(255), 
	PRIMARY KEY (record_type_id)
);
INSERT INTO "Account_rt_mapping" VALUES('012P00000016AcBIAU','HH_Account');
INSERT INTO "Account_rt_mapping" VALUES('012P00000016AcCIAU','Organization');
CREATE TABLE "Case" (
	sf_id VARCHAR(255) NOT NULL, 
	"IsEscalated" VARCHAR(255), 
	"Reason" VARCHAR(255), 
	"Origin" VARCHAR(255), 
	"Description" VARCHAR(255), 
	"Status" VARCHAR(255), 
	"Subject" VARCHAR(255), 
	"Type" VARCHAR(255), 
	account_id VARCHAR(255), 
	contact_id VARCHAR(255), 
	parent_id VARCHAR(255), 
	sailor__c VARCHAR(255), 
	PRIMARY KEY (sf_id)
);
CREATE TABLE "Contact" (
	sf_id VARCHAR(255) NOT NULL, 
	"FirstName" VARCHAR(255), 
	"LastName" VARCHAR(255), 
	"DoNotCall" VARCHAR(255), 
	"Gender__c" VARCHAR(255), 
	"HasOptedOutOfEmail" VARCHAR(255), 
	"HasOptedOutOfFax" VARCHAR(255), 
	"RecordTypeId" VARCHAR(255), 
	"Relationship_to_Sailor__c" VARCHAR(255), 
	"npe01__AlternateEmail__c" VARCHAR(255), 
	"npe01__HomeEmail__c" VARCHAR(255), 
	"npe01__PreferredPhone__c" VARCHAR(255), 
	"npe01__Preferred_Email__c" VARCHAR(255), 
	"npe01__Primary_Address_Type__c" VARCHAR(255), 
	"npe01__Private__c" VARCHAR(255), 
	"npe01__Secondary_Address_Type__c" VARCHAR(255), 
	"npe01__SystemAccountProcessor__c" VARCHAR(255), 
	"npe01__WorkEmail__c" VARCHAR(255), 
	"npe01__WorkPhone__c" VARCHAR(255), 
	"npo02__AverageAmount__c" VARCHAR(255), 
	"npo02__Household_Naming_Order__c" VARCHAR(255), 
	"npo02__Naming_Exclusions__c" VARCHAR(255), 
	"npo02__SystemHouseholdProcessor__c" VARCHAR(255), 
	"npsp__Deceased__c" VARCHAR(255), 
	"npsp__Do_Not_Contact__c" VARCHAR(255), 
	"npsp__Exclude_from_Household_Formal_Greeting__c" VARCHAR(255), 
	"npsp__Exclude_from_Household_Informal_Greeting__c" VARCHAR(255), 
	"npsp__Exclude_from_Household_Name__c" VARCHAR(255), 
	"npsp__is_Address_Override__c" VARCHAR(255), 
	account_id VARCHAR(255), 
	reports_to_id VARCHAR(255), 
	sailor__c VARCHAR(255), 
	npsp__current_address__c VARCHAR(255), 
	npsp__primary_affiliation__c VARCHAR(255), 
	PRIMARY KEY (sf_id)
);
INSERT INTO "Contact" VALUES('003P000001MvjAhIAJ','Octavia','Marcus','false','','false','false','012P00000016AhHIAU','Ex Wife','','mkolodner+familycontact@nuromo.com','Home','Personal','','false','','','','','0.0','','','','false','false','false','false','false','false','001P000001ehrlXIAQ','','','','');
INSERT INTO "Contact" VALUES('003P000001MvjAiIAJ','Michael','Kolodner','false','','false','false','012P00000016AhIIAU','','','','Mobile','Work','','false','','','michael@kolodner.com','','0.0','','','','false','false','false','false','false','false','001P000001ehrlhIAA','','','','');
INSERT INTO "Contact" VALUES('003P000001MvjAjIAJ','Momma','Beard','false','','false','false','012P00000016AhHIAU','Mom','','','Home','Personal','','false','','','','','0.0','','','','false','false','false','false','false','false','001P000001ehrljIAA','','a0qP0000001gbLdIAI','','');
INSERT INTO "Contact" VALUES('003P000001MvjAkIAJ','Penelope','Odysseus','false','','false','false','012P00000016AhHIAU','Wife','','mkolodner+penelope@nuromo.com','Mobile','Personal','','false','','','','','0.0','','','','false','false','false','false','false','false','001P000001ehrlfIAA','','a0qP0000001gbLeIAI','','');
INSERT INTO "Contact" VALUES('003P000001MvjAlIAJ','Jake','Sisko','false','','false','false','012P00000016AhHIAU','Son','','','Home','Personal','Home','false','','','','','0.0','','','','false','false','false','false','false','false','001P000001ehrlkIAA','','a0qP0000001gbLfIAI','','');
INSERT INTO "Contact" VALUES('003P000001MvjAmIAJ','David','Marcus','false','','false','false','012P00000016AhHIAU','Son (estranged)','','mkolodner+familycontact@nuromo.com','Home','Personal','Home','false','','','','','0.0','','','','false','false','false','false','false','false','001P000001ehrlgIAA','','a0qP0000001gbLhIAI','','');
INSERT INTO "Contact" VALUES('003P000001MvjAnIAJ','Boo','Berry','false','','false','false','012P00000016AhHIAU','Best Friend','','mkolodner+familycontact@nuromo.com','Home','Personal','Home','false','','','','','0.0','','','','false','false','false','false','false','false','001P000001ehrliIAA','','a0qP0000001gbLiIAI','','');
INSERT INTO "Contact" VALUES('003P000001MvjAoIAJ','Count','Chocula','false','','false','false','012P00000016AhHIAU','Peer','','mkolodner+familycontact@nuromo.com','Home','Personal','Home','false','','','','','0.0','','','','false','false','false','false','false','false','001P000001ehrlcIAA','','a0qP0000001gbLiIAI','','');
INSERT INTO "Contact" VALUES('003P000001MvjApIAJ','Bluto','Bully','false','','false','false','012P00000016AhHIAU','Frenemy','','mkolodner+familycontact@nuromo.com','Home','Personal','Home','false','','','','','0.0','','','','false','false','false','false','false','false','001P000001ehrlaIAA','','a0qP0000001gbLjIAI','','');
INSERT INTO "Contact" VALUES('003P000001MvjAqIAJ','Olive','Oil','false','','false','false','012P00000016AhHIAU','Significant Other','','mkolodner+familycontact@nuromo.com','Home','Personal','Home','false','','','','','0.0','','','','false','false','false','false','false','false','001P000001ehrlbIAA','','a0qP0000001gbLjIAI','','');
INSERT INTO "Contact" VALUES('003P000001MvjArIAJ','Popeye''s','Mom','false','','false','false','012P00000016AhHIAU','Mother','','mkolodner+familycontact@nuromo.com','Mobile','Personal','Home','false','','','','','0.0','','','','false','false','false','false','false','false','001P000001ehrleIAA','','a0qP0000001gbLjIAI','','');
INSERT INTO "Contact" VALUES('003P000001MvjAsIAJ','Peleg','the First Mate','false','','false','false','012P00000016AhHIAU','Mate','','mkolodner+familycontact@nuromo.com','Home','Personal','','false','','','','','0.0','','','','false','false','false','false','false','false','001P000001ehrlZIAQ','','a0qP0000001gbLkIAI','','');
INSERT INTO "Contact" VALUES('003P000001MvjAtIAJ','Moby','Dick','false','','false','false','012P00000016AhHIAU','Frenemy','','mkolodner+familycontact@nuromo.com','Home','Personal','','false','','','','','0.0','','','','false','false','false','false','false','false','001P000001ehrlYIAQ','','a0qP0000001gbLkIAI','','');
INSERT INTO "Contact" VALUES('003P000001MvjAuIAJ','Georgina','LaForge','false','','false','false','012P00000016AhHIAU','Wife','','mkolodner+familycontact@nuromo.com','Home','Personal','Home','false','','','','','0.0','','','','false','false','false','false','false','false','001P000001ehrldIAA','','a0qP0000001gbLmIAI','','');
CREATE TABLE "Contact_rt_mapping" (
	record_type_id VARCHAR(18) NOT NULL, 
	developer_name VARCHAR(255), 
	PRIMARY KEY (record_type_id)
);
INSERT INTO "Contact_rt_mapping" VALUES('012P00000016AhHIAU','Family_Member');
INSERT INTO "Contact_rt_mapping" VALUES('012P00000016AhIIAU','Resource_Contact');
CREATE TABLE "Sailor__c" (
	sf_id VARCHAR(255) NOT NULL, 
	"Name" VARCHAR(255), 
	"Command_Name__c" VARCHAR(255), 
	"Department__c" VARCHAR(255), 
	"First_Name__c" VARCHAR(255), 
	"Last_4_of_SSN__c" VARCHAR(255), 
	"Last_Name__c" VARCHAR(255), 
	"PRD__c" VARCHAR(255), 
	"Rank_Rate__c" VARCHAR(255), 
	"Ship_Email__c" VARCHAR(255), 
	"Status__c" VARCHAR(255), 
	lookup_to_contact__c VARCHAR(255), 
	PRIMARY KEY (sf_id)
);
INSERT INTO "Sailor__c" VALUES('a0qP0000001gbLlIAI','Captain Hook','CVN-71','Admin','Captain','9998','Hook','','Admiral','mkolodner+hook@nuromo.com','Current','');
INSERT INTO "Sailor__c" VALUES('a0qP0000001gbLmIAI','Jordi LaForge','CVN-71','Engineering','Jordi','2321','LaForge','','Science Officer','mkolodner+jordi@nuromo.com','Current','');
INSERT INTO "Sailor__c" VALUES('a0qP0000001gbLdIAI','John Beard','CVN-71','Air','John','','Beard','','AN','john.beard@cvn71.navy.mil','Current','');
INSERT INTO "Sailor__c" VALUES('a0qP0000001gbLeIAI','Mr. Odysseus','CVN-71','Deck','Mr.','2121','Odysseus','','Lieutenent','mkolodner+odysseus@nuromo.com','Current','');
INSERT INTO "Sailor__c" VALUES('a0qP0000001gbLfIAI','Benjamin Sisko','CVN-71','Admin','Benjamin','','Sisko','','CMDR','benjamin.sisko@cvn71.navy.mil','Current','');
INSERT INTO "Sailor__c" VALUES('a0qP0000001gbLgIAI','Sinbad the Sailor','CVN-71','Air','Sinbad','8989','the Sailor','','Warrant Ofcr','mkolodner+sinbad@nuromo.com','Current','');
INSERT INTO "Sailor__c" VALUES('a0qP0000001gbLhIAI','James T. Kirk','CVN-71','Air','James T.','6565','Kirk','','Admiral','mkolodner+kirk@nuromo.com','Current','');
INSERT INTO "Sailor__c" VALUES('a0qP0000001gbLiIAI','Captain Crunch','CVN-71','Operations','Captain','9898','Crunch','','Ensign','mkolodner+crunch@nuromo.com','Current','');
INSERT INTO "Sailor__c" VALUES('a0qP0000001gbLjIAI','Popeye the Sailor Man','CVN-71','Public Affairs','Popeye','9999','the Sailor Man','','Private','mkolodner+popeye@nuromo.com','Current','');
INSERT INTO "Sailor__c" VALUES('a0qP0000001gbLkIAI','Captain Ahab','CVN-71','Weapons','Captain','8888','Ahab','','Captain','mkolodner+ahab@nuromo.com','Current','');
CREATE TABLE "Task" (
	id INTEGER NOT NULL, 
	"ActivityDate" VARCHAR(255), 
	"Description" VARCHAR(255), 
	"Status" VARCHAR(255), 
	"Subject" VARCHAR(255), 
	PRIMARY KEY (id)
);
INSERT INTO "Task" VALUES(1,'2020-05-06','Description/Comments field','Not Started','Subject of the Task');
CREATE TABLE "npsp__Address__c" (
	sf_id VARCHAR(255) NOT NULL, 
	"npsp__API_Response__c" VARCHAR(255), 
	"npsp__Address_Type__c" VARCHAR(255), 
	"npsp__Administrative_Area__c" VARCHAR(255), 
	"npsp__Ambiguous__c" VARCHAR(255), 
	"npsp__Congressional_District__c" VARCHAR(255), 
	"npsp__County_Name__c" VARCHAR(255), 
	"npsp__Default_Address__c" VARCHAR(255), 
	"npsp__Latest_End_Date__c" VARCHAR(255), 
	"npsp__Latest_Start_Date__c" VARCHAR(255), 
	"npsp__MailingCity__c" VARCHAR(255), 
	"npsp__MailingCountry__c" VARCHAR(255), 
	"npsp__MailingPostalCode__c" VARCHAR(255), 
	"npsp__MailingState__c" VARCHAR(255), 
	"npsp__MailingStreet2__c" VARCHAR(255), 
	"npsp__MailingStreet__c" VARCHAR(255), 
	"npsp__Pre_Verification_Address__c" VARCHAR(255), 
	"npsp__Seasonal_End_Day__c" VARCHAR(255), 
	"npsp__Seasonal_End_Month__c" VARCHAR(255), 
	"npsp__Seasonal_Start_Day__c" VARCHAR(255), 
	"npsp__Seasonal_Start_Month__c" VARCHAR(255), 
	"npsp__State_Lower_District__c" VARCHAR(255), 
	"npsp__State_Upper_District__c" VARCHAR(255), 
	"npsp__Verification_Status__c" VARCHAR(255), 
	"npsp__Verified__c" VARCHAR(255), 
	npsp__household_account__c VARCHAR(255), 
	PRIMARY KEY (sf_id)
);
COMMIT;
